City_ID,City,Country,Date,Lat,Lng,Max Temp,Humidity,Cloudiness,Wind Speed
0,Dorokhovo,RU,2020-01-03 05:13:14,55.55,36.37,33.8,94,90,13.42
1,Awjilah,LY,2020-01-03 05:09:39,29.14,21.3,44.38,85,0,6.49
2,Busselton,AU,2020-01-03 05:13:15,-33.64,115.35,73.0,22,37,17.87
3,Ribeira Grande,PT,2020-01-03 05:12:23,38.52,-28.7,55.11,76,0,12.06
4,Snezhnogorsk,RU,2020-01-03 05:13:15,69.19,33.23,35.6,93,75,4.47
5,Ushuaia,AR,2020-01-03 05:08:17,-54.81,-68.31,48.2,49,4,17.22
6,Saint George,GR,2020-01-03 05:12:24,39.45,22.34,35.01,85,20,3.36
7,Genhe,CN,2020-01-03 05:13:15,50.78,121.52,-4.2,88,77,3.36
8,Byron Bay,AU,2020-01-03 05:13:16,-28.65,153.62,87.8,45,0,17.22
9,Vila Velha,BR,2020-01-03 05:12:52,-3.71,-38.6,86.0,83,40,3.36
10,Albany,US,2020-01-03 05:13:16,42.65,-73.75,42.8,48,90,10.29
11,Rikitea,PF,2020-01-03 05:13:16,-23.12,-134.97,79.23,79,100,4.09
12,Hermanus,ZA,2020-01-03 05:13:16,-34.42,19.24,64.99,95,2,9.44
13,Kota Belud,MY,2020-01-03 05:13:16,6.35,116.43,88.0,70,75,3.36
14,Kavieng,PG,2020-01-03 05:13:17,-2.57,150.8,85.37,66,2,2.82
15,Presidencia Roque Saenz Pena,AR,2020-01-03 05:12:02,-26.79,-60.44,70.57,64,0,6.6
16,Bethel,US,2020-01-03 05:12:42,60.79,-161.76,-13.0,75,1,13.87
17,Esperance,AU,2020-01-03 05:13:17,-33.86,121.89,66.2,48,40,23.04
18,Hualmay,PE,2020-01-03 05:11:21,-11.1,-77.61,66.65,85,77,3.2
19,Bafq,IR,2020-01-03 05:13:17,31.6,55.4,50.9,42,7,3.44
20,Isangel,VU,2020-01-03 05:09:32,-19.55,169.27,80.6,74,75,14.99
21,Oranjemund,ZA,2020-01-03 05:13:18,-28.55,16.43,63.57,78,60,11.83
22,Sao Filipe,CV,2020-01-03 05:13:18,14.9,-24.5,70.11,75,100,14.32
23,Kapaa,US,2020-01-03 05:12:28,22.08,-159.32,75.2,88,90,18.34
24,Yar-Sale,RU,2020-01-03 05:13:18,66.83,70.83,-6.32,96,0,10.6
25,New Norfolk,AU,2020-01-03 05:08:34,-42.78,147.06,78.01,56,75,11.41
26,Port Moresby,PG,2020-01-03 05:11:02,-9.47,147.16,87.8,70,75,11.41
27,Hirara,JP,2020-01-03 05:13:19,24.8,125.28,73.4,56,40,10.29
28,Jamestown,AU,2020-01-03 05:12:26,-33.21,138.6,101.86,5,2,13.31
29,Kidal,ML,2020-01-03 05:13:19,18.44,1.41,48.85,35,0,18.84
30,Pervomayskoye,RU,2020-01-03 05:13:19,57.07,86.23,24.33,89,100,16.33
31,Cayenne,GF,2020-01-03 05:13:19,4.94,-52.33,73.4,94,62,5.01
32,Upernavik,GL,2020-01-03 05:11:51,72.79,-56.15,1.04,83,100,8.32
33,Tiksi,RU,2020-01-03 05:08:28,71.64,128.87,-21.1,68,5,5.14
34,Balsta,SE,2020-01-03 05:13:20,59.57,17.53,44.6,75,90,25.28
35,Qaanaaq,GL,2020-01-03 05:12:30,77.48,-69.36,-37.66,66,3,2.51
36,Viet Tri,VN,2020-01-03 05:13:20,21.3,105.43,77.0,65,75,5.82
37,Egvekinot,RU,2020-01-03 05:12:47,66.32,-179.17,-12.15,67,0,10.45
38,Hobart,AU,2020-01-03 05:12:27,-42.88,147.33,78.01,56,75,11.41
39,Grand Gaube,MU,2020-01-03 05:13:21,-20.01,57.66,78.8,94,75,9.17
40,Hilo,US,2020-01-03 05:11:56,19.71,-155.08,75.2,73,75,4.7
41,Erzin,TR,2020-01-03 05:13:21,36.95,36.2,48.0,100,75,10.29
42,Alofi,NU,2020-01-03 05:13:21,-19.06,-169.92,80.6,65,12,9.17
43,Bluff,AU,2020-01-03 05:12:20,-23.58,149.07,95.81,22,11,20.04
44,Severo-Kurilsk,RU,2020-01-03 05:13:08,50.68,156.12,16.52,82,61,5.77
45,Atuona,PF,2020-01-03 05:12:19,-9.8,-139.03,80.83,78,3,15.82
46,Punta Arenas,CL,2020-01-03 05:11:26,-53.16,-70.91,50.0,46,83,9.17
47,Tchollire,CM,2020-01-03 05:13:22,8.4,14.17,58.42,31,87,2.39
48,Thompson,CA,2020-01-03 05:12:26,55.74,-97.86,8.6,84,90,3.09
49,Denizli,TR,2020-01-03 05:13:22,37.77,29.09,33.8,69,40,18.34
50,Tecoanapa,MX,2020-01-03 05:13:22,16.99,-99.26,80.6,74,40,2.26
51,Nizhniy Odes,RU,2020-01-03 05:13:11,63.64,54.86,16.21,94,100,12.88
52,Arraial Do Cabo,BR,2020-01-03 05:08:21,-22.97,-42.02,76.14,83,100,3.2
53,Gat,SN,2020-01-03 05:12:16,14.69,-16.54,73.4,31,100,11.41
54,Raudeberg,NO,2020-01-03 05:12:49,61.99,5.14,41.0,65,20,28.86
55,Tynda,RU,2020-01-03 05:13:23,55.15,124.74,-5.71,93,88,1.7
56,Khandbari,NP,2020-01-03 05:13:24,27.38,87.21,42.94,46,91,4.18
57,Barrow,AR,2020-01-03 05:12:20,-38.31,-60.23,60.96,73,61,9.66
58,Lufilufi,WS,2020-01-03 05:13:24,-13.87,-171.6,80.01,94,95,5.99
59,Angoche,MZ,2020-01-03 05:13:24,-16.23,39.91,80.1,84,100,10.13
60,Hasaki,JP,2020-01-03 05:12:35,35.73,140.83,57.99,50,20,4.7
61,Majene,ID,2020-01-03 05:13:24,-3.54,118.97,86.67,63,85,9.17
62,Udachnyy,RU,2020-01-03 05:13:25,66.42,112.4,-11.2,76,75,4.47
63,Katima Mulilo,NA,2020-01-03 05:13:25,-17.5,24.28,74.25,81,100,4.5
64,Faya,SA,2020-01-03 05:12:27,18.39,42.45,59.0,47,0,4.9
65,Tasiilaq,GL,2020-01-03 05:12:32,65.61,-37.64,15.8,40,0,18.34
66,Plettenberg Bay,ZA,2020-01-03 05:13:26,-34.05,23.37,70.11,81,36,2.06
67,Coquimbo,CL,2020-01-03 05:13:26,-29.95,-71.34,57.2,87,0,2.24
68,Pevek,RU,2020-01-03 05:12:45,69.7,170.27,-0.85,64,0,11.36
69,Saryozek,KZ,2020-01-03 05:13:26,44.36,77.98,29.25,70,100,2.08
70,Katherine,AU,2020-01-03 05:13:26,-14.47,132.26,98.6,35,75,5.82
71,Huarmey,PE,2020-01-03 05:13:26,-10.07,-78.15,68.09,81,81,2.68
72,Chokurdakh,RU,2020-01-03 05:12:21,70.62,147.9,-21.59,93,24,1.59
73,Port Elizabeth,US,2020-01-03 05:12:19,39.31,-74.98,53.01,61,40,3.36
74,Mataura,NZ,2020-01-03 05:09:21,-46.19,168.86,52.0,88,92,11.99
75,Baglung,NP,2020-01-03 05:13:27,28.27,83.59,32.83,91,100,3.29
76,Hithadhoo,MV,2020-01-03 05:12:53,-0.6,73.08,83.68,69,53,7.9
77,Vaini,IN,2020-01-03 05:12:22,15.34,74.49,69.8,73,0,6.93
78,Butaritari,KI,2020-01-03 05:12:24,3.07,172.79,80.37,85,100,11.63
79,Cape Town,ZA,2020-01-03 05:12:22,-33.93,18.42,70.0,88,20,13.87
80,Chuy,UY,2020-01-03 05:12:28,-33.69,-53.46,65.57,86,2,7.38
81,Provideniya,RU,2020-01-03 05:08:53,64.42,-173.23,-11.47,72,0,11.21
82,Avarua,CK,2020-01-03 05:09:08,-21.21,-159.78,78.8,74,86,3.36
83,Nyimba,ZM,2020-01-03 05:13:28,-14.56,30.81,71.65,92,100,0.76
84,Cherskiy,RU,2020-01-03 05:12:59,68.75,161.3,0.12,69,46,12.17
85,Dikson,RU,2020-01-03 05:12:51,73.51,80.55,3.42,91,97,21.3
86,Asyut,EG,2020-01-03 05:13:28,27.18,31.19,42.8,70,0,9.17
87,Great Yarmouth,GB,2020-01-03 05:13:28,52.61,1.73,50.0,93,100,6.93
88,Hun,BE,2020-01-03 05:13:29,50.34,4.87,48.2,87,75,16.11
89,Cody,US,2020-01-03 05:13:29,44.53,-109.06,32.0,58,1,9.89
90,Cabo San Lucas,MX,2020-01-03 05:08:59,22.89,-109.91,66.0,77,5,11.41
91,Ust-Kishert,RU,2020-01-03 05:13:29,57.36,57.24,3.36,95,87,16.13
92,Sitka,US,2020-01-03 05:08:22,37.17,-99.65,33.01,87,93,9.17
93,Ginda,IN,2020-01-03 05:13:29,30.69,78.49,53.42,42,60,3.09
94,Namatanai,PG,2020-01-03 05:13:30,-3.66,152.44,85.28,69,64,5.23
95,Visnes,NO,2020-01-03 05:13:30,59.36,5.22,44.6,75,99,23.04
96,Berlevag,NO,2020-01-03 05:09:45,70.86,29.09,33.8,80,99,20.8
97,Opuwo,NA,2020-01-03 05:13:30,-18.06,13.84,70.88,73,100,11.63
98,Ust-Nera,RU,2020-01-03 05:11:37,64.57,143.24,-6.38,98,100,5.86
99,Sehithwa,BW,2020-01-03 05:13:30,-20.47,22.7,80.13,60,83,4.03
100,Kruisfontein,ZA,2020-01-03 05:12:50,-34.0,24.73,71.42,74,5,5.03
101,Castro,CL,2020-01-03 05:08:38,-42.48,-73.76,55.4,87,1,4.7
102,Batticaloa,LK,2020-01-03 05:13:31,7.71,81.69,86.4,63,91,7.81
103,Yellowknife,CA,2020-01-03 05:12:36,62.45,-114.38,6.8,84,90,4.7
104,Albury,AU,2020-01-03 05:13:31,-36.08,146.92,97.0,13,90,5.82
105,Zyryanka,RU,2020-01-03 05:13:31,65.73,150.89,-11.87,86,33,5.17
106,Luderitz,NA,2020-01-03 05:13:32,-26.65,15.16,63.3,80,0,28.27
107,Padang,ID,2020-01-03 05:09:51,-0.92,100.36,82.04,66,87,2.13
108,Matay,EG,2020-01-03 05:13:32,28.42,30.79,44.19,79,9,6.35
109,East London,ZA,2020-01-03 05:07:49,-33.02,27.91,71.6,100,90,10.29
110,Mana,NG,2020-01-03 05:13:32,13.03,5.27,49.46,29,0,14.34
111,Canakkale,TR,2020-01-03 05:13:32,40.15,26.41,41.0,85,40,9.17
112,Olinda,AU,2020-01-03 05:12:59,-37.84,145.39,99.0,23,33,11.41
113,Ruidoso,US,2020-01-03 05:09:38,33.33,-105.67,37.4,92,90,6.93
114,Mahebourg,MU,2020-01-03 05:13:33,-20.41,57.7,78.8,94,75,9.17
115,Adre,TD,2020-01-03 05:13:33,13.47,22.2,54.16,35,20,18.32
116,Kodoli,IN,2020-01-03 05:13:33,16.88,74.2,79.5,35,0,2.26
117,Carnarvon,ZA,2020-01-03 05:08:30,-30.97,22.13,71.1,50,0,9.42
118,Salamanca,MX,2020-01-03 05:13:33,20.57,-101.19,55.99,66,75,2.08
119,Ergani,TR,2020-01-03 05:13:34,38.27,39.76,35.6,93,90,4.7
120,Flinders,AU,2020-01-03 05:13:34,-34.58,150.85,93.99,54,21,16.11
121,Saint-Pierre,FR,2020-01-03 05:13:34,48.95,4.24,46.4,87,90,16.11
122,Inhambane,MZ,2020-01-03 05:13:34,-23.87,35.38,77.0,88,20,7.54
123,Staryy Nadym,RU,2020-01-03 05:13:35,65.61,72.68,-9.85,98,3,9.86
124,Port Alfred,ZA,2020-01-03 05:12:23,-33.59,26.89,70.0,95,70,13.42
125,Longyearbyen,NO,2020-01-03 05:12:34,78.22,15.63,8.6,65,75,21.92
126,Atar,MR,2020-01-03 05:13:35,20.52,-13.05,55.42,15,100,17.58
127,Muros,ES,2020-01-03 05:13:35,42.77,-9.06,57.99,100,90,5.82
128,Guerrero Negro,MX,2020-01-03 05:13:36,27.97,-114.04,59.81,47,1,7.96
129,Kikwit,CD,2020-01-03 05:13:36,-5.04,18.82,71.38,91,100,1.19
130,Uruzgan,AF,2020-01-03 05:13:36,32.93,66.63,30.34,92,96,6.91
131,Malchevskaya,RU,2020-01-03 05:13:36,49.06,40.36,29.93,90,99,7.72
132,Atambua,ID,2020-01-03 05:13:36,-9.11,124.89,82.78,70,94,6.17
133,Sabha,LY,2020-01-03 05:13:36,27.03,14.43,44.08,82,7,9.31
134,College,US,2020-01-03 05:12:16,64.86,-147.8,-2.0,76,90,3.71
135,La Ronge,CA,2020-01-03 05:12:44,55.1,-105.3,28.4,86,90,5.82
136,Blackwater,GB,2020-01-03 05:13:37,51.33,-0.78,51.8,93,100,13.87
137,Inuvik,CA,2020-01-03 05:13:37,68.36,-133.71,-13.0,69,90,6.93
138,Vardo,US,2020-01-03 05:08:35,39.62,-77.74,52.0,46,90,5.82
139,Bhadrachalam,IN,2020-01-03 05:13:38,17.67,80.89,83.37,61,10,4.25
140,Esso,RU,2020-01-03 05:12:39,55.93,158.7,16.07,96,99,3.04
141,Ati,TD,2020-01-03 05:13:38,13.21,18.34,56.14,33,3,13.24
142,Bintulu,MY,2020-01-03 05:13:38,3.17,113.03,86.0,79,75,5.82
143,Kyren,RU,2020-01-03 05:13:05,51.68,102.13,17.85,67,22,5.53
144,Bredasdorp,ZA,2020-01-03 05:12:50,-34.53,20.04,61.0,87,9,1.12
145,Namibe,AO,2020-01-03 05:13:38,-15.19,12.15,73.76,75,100,4.43
146,Nigde,TR,2020-01-03 05:13:39,37.97,34.68,28.51,77,99,6.55
147,Firminy,FR,2020-01-03 05:13:39,45.39,4.29,42.01,92,97,1.12
148,Jawhar,IN,2020-01-03 05:13:39,19.91,73.23,78.94,41,30,6.73
149,Tuktoyaktuk,CA,2020-01-03 05:12:40,69.44,-133.03,-16.6,75,20,16.11
150,Fairbanks,US,2020-01-03 05:09:42,64.84,-147.72,-2.0,76,90,4.12
151,Arys,KZ,2020-01-03 05:13:40,42.43,68.8,33.8,76,90,3.8
152,Iqaluit,CA,2020-01-03 05:07:22,63.75,-68.52,8.6,84,90,2.24
153,Kaabong,UG,2020-01-03 05:13:40,3.51,34.14,75.51,46,26,16.26
154,Dunedin,NZ,2020-01-03 05:13:40,-45.87,170.5,53.26,77,21,33.82
155,Mount Gambier,AU,2020-01-03 05:13:40,-37.83,140.78,98.6,9,46,16.11
156,Magdagachi,RU,2020-01-03 05:13:40,53.45,125.8,-2.24,92,66,1.12
157,San Patricio,PY,2020-01-03 05:13:41,-26.98,-56.83,71.22,67,5,7.2
158,Naron,ES,2020-01-03 05:13:41,43.52,-8.15,55.0,87,75,11.41
159,Olenegorsk,RU,2020-01-03 05:13:41,68.14,33.28,34.84,96,100,12.64
160,Tuatapere,NZ,2020-01-03 05:11:05,-46.13,167.69,53.01,87,60,15.01
161,Nemuro,JP,2020-01-03 05:13:41,43.32,145.57,30.2,50,40,4.7
162,Georgetown,GY,2020-01-03 05:12:41,6.8,-58.16,73.4,88,20,2.24
163,Narsaq,GL,2020-01-03 05:13:41,60.91,-46.05,24.8,49,100,3.36
164,Zvishavane,ZW,2020-01-03 05:13:42,-20.32,30.05,80.26,46,54,5.88
165,Sur,OM,2020-01-03 05:12:33,22.57,59.53,75.49,42,2,6.42
166,Port-Cartier,CA,2020-01-03 05:12:23,50.03,-66.88,1.4,77,20,2.24
167,Sidi Ali,DZ,2020-01-03 05:13:42,36.1,0.42,43.56,73,0,0.81
168,Yeppoon,AU,2020-01-03 05:12:32,-23.13,150.74,89.6,35,0,12.75
169,Potsdam,DE,2020-01-03 05:11:31,52.4,13.06,39.0,88,20,8.05
170,Samana,EC,2020-01-03 05:13:42,0.12,-76.97,71.13,98,100,3.96
171,Ixtapa,MX,2020-01-03 05:12:57,20.71,-105.21,64.4,88,5,4.7
172,Kodiak,US,2020-01-03 05:12:37,39.95,-94.76,37.99,86,90,13.87
173,Kloulklubed,PW,2020-01-03 05:13:43,7.04,134.26,84.2,70,75,12.75
174,Bambanglipuro,ID,2020-01-03 05:13:43,-7.95,110.28,86.5,62,7,17.16
175,Fort Nelson,CA,2020-01-03 05:12:33,58.81,-122.69,-2.2,84,20,2.24
176,Kurchum,KZ,2020-01-03 05:13:43,48.57,83.65,11.39,87,0,3.4
177,Bathsheba,BB,2020-01-03 05:12:31,13.22,-59.52,78.8,78,75,11.41
178,Musoma,TZ,2020-01-03 05:13:44,-1.5,33.81,66.2,93,20,3.56
179,Mandalgovi,MN,2020-01-03 05:13:44,45.76,106.27,20.28,64,0,7.96
180,Tevriz,RU,2020-01-03 05:13:44,57.51,72.4,14.83,94,100,4.63
181,Mar Del Plata,AR,2020-01-03 05:09:21,-46.43,-67.52,73.53,40,1,34.23
182,Umm Lajj,SA,2020-01-03 05:13:45,25.02,37.27,63.57,47,0,8.97
183,Rio Grande,BR,2020-01-03 05:12:29,-32.03,-52.1,71.01,75,95,5.01
184,Torbay,CA,2020-01-03 05:12:27,47.66,-52.73,30.99,86,90,20.8
185,San Jeronimo,PE,2020-01-03 05:13:45,-13.65,-73.37,46.04,95,99,1.5
186,Kamyshin,RU,2020-01-03 05:13:45,50.08,45.4,27.48,93,68,8.16
187,Hami,CN,2020-01-03 05:09:05,42.84,93.51,26.33,44,0,1.16
188,Port Blair,IN,2020-01-03 05:13:45,11.67,92.75,82.26,74,2,15.95
189,Aswan,EG,2020-01-03 05:13:46,24.09,32.9,50.0,57,0,16.11
190,Trogir,HR,2020-01-03 05:13:46,43.52,16.25,50.0,69,0,2.24
191,Aklavik,CA,2020-01-03 05:13:46,68.22,-135.01,-13.0,69,90,6.93
192,Sao Joao Da Barra,BR,2020-01-03 05:13:46,-21.64,-41.05,73.35,93,100,5.44
193,Shimoda,JP,2020-01-03 05:13:46,34.7,138.93,55.4,54,20,3.36
194,Pisco,PE,2020-01-03 05:12:21,-13.71,-76.2,69.8,83,90,13.87
195,Sairang,IN,2020-01-03 05:13:47,23.81,92.66,64.4,93,90,3.36
196,Meulaboh,ID,2020-01-03 05:13:47,4.14,96.13,81.99,74,29,3.65
197,Maceio,BR,2020-01-03 05:13:47,-9.67,-35.74,75.2,94,100,2.24
198,Guider,CM,2020-01-03 05:13:47,9.93,13.94,57.33,37,47,7.38
199,Lagoa,PT,2020-01-03 05:13:08,37.14,-8.45,57.99,82,75,6.93
200,Hamilton,CA,2020-01-03 05:10:48,43.26,-79.87,46.99,75,90,11.41
201,Kurilsk,RU,2020-01-03 05:13:47,45.23,147.88,24.17,79,68,7.7
202,Alice Springs,AU,2020-01-03 05:12:37,-23.7,133.88,105.8,12,48,6.93
203,Kavaratti,IN,2020-01-03 05:12:44,10.57,72.64,86.0,70,40,4.7
204,Birjand,IR,2020-01-03 05:13:48,32.86,59.22,41.0,44,2,9.17
205,Lebu,ET,2020-01-03 05:08:23,8.96,38.73,55.4,76,75,2.24
206,Beloha,MG,2020-01-03 05:13:48,-25.17,45.06,85.57,55,35,8.46
207,Haines Junction,CA,2020-01-03 05:09:42,60.75,-137.51,-7.56,100,97,3.38
208,Lianran,CN,2020-01-03 05:13:48,24.92,102.47,66.0,48,92,17.9
209,Wencheng,CN,2020-01-03 05:13:49,27.79,120.09,58.77,73,65,0.4
210,Walvis Bay,NA,2020-01-03 05:13:49,-22.95,14.51,61.0,92,15,3.0
211,Axim,GH,2020-01-03 05:12:32,4.87,-2.24,71.31,62,65,3.76
212,Sola,TZ,2020-01-03 05:12:59,-3.17,33.8,70.66,71,82,13.49
213,Palora,EC,2020-01-03 05:13:49,-1.7,-77.97,64.29,96,94,2.93
214,Norrtalje,SE,2020-01-03 05:13:49,59.76,18.7,44.6,75,90,25.28
215,Abu Samrah,SY,2020-01-03 05:13:50,35.3,37.18,48.63,81,100,5.28
216,Awbari,LY,2020-01-03 05:13:50,26.59,12.77,40.12,79,0,3.98
217,Mayumba,GA,2020-01-03 05:13:50,-3.44,10.65,81.19,83,100,8.08
218,Montgomery,US,2020-01-03 05:13:50,32.37,-86.3,73.4,88,1,12.75
219,Vuktyl,RU,2020-01-03 05:13:50,63.86,57.31,11.8,93,100,15.05
220,Kailua,US,2020-01-03 05:13:51,21.39,-157.74,75.2,69,20,16.11
221,Nikolskoye,RU,2020-01-03 05:12:26,59.7,30.79,39.2,80,90,8.95
222,Portland,US,2020-01-03 05:11:48,43.66,-70.25,42.01,64,90,4.7
223,Baker City,US,2020-01-03 05:13:51,44.77,-117.83,36.0,86,90,6.93
224,Upington,ZA,2020-01-03 05:13:51,-28.46,21.24,73.4,40,0,5.82
225,Nhulunbuy,AU,2020-01-03 05:13:51,-12.18,136.78,93.2,49,100,14.99
226,Pacific Grove,US,2020-01-03 05:13:52,36.62,-121.92,54.0,71,1,6.93
227,Labuhan,ID,2020-01-03 05:13:52,-2.54,115.51,87.19,66,67,3.0
228,Vanavara,RU,2020-01-03 05:13:52,60.35,102.28,13.95,96,98,4.43
229,Gallup,US,2020-01-03 05:10:42,35.53,-108.74,21.2,85,1,2.24
230,Jalu,LY,2020-01-03 05:13:52,29.03,21.55,44.38,85,0,6.49
231,Kaitangata,NZ,2020-01-03 05:12:35,-46.28,169.85,53.01,67,76,21.99
232,Benguela,AO,2020-01-03 05:13:52,-12.58,13.4,77.22,85,100,2.68
233,Kristinehamn,SE,2020-01-03 05:13:53,59.31,14.11,45.0,100,100,17.22
234,Mazatlan,MX,2020-01-03 05:13:53,23.22,-106.42,64.0,100,5,4.7
235,Reforma,MX,2020-01-03 05:12:40,24.02,-104.65,42.01,70,0,8.01
236,Necochea,AR,2020-01-03 05:13:53,-38.55,-58.74,59.0,89,14,8.59
237,Nelson Bay,AU,2020-01-03 05:13:53,-32.72,152.14,89.6,38,0,12.75
238,Tevaitoa,PF,2020-01-03 05:13:53,-16.78,-151.5,81.79,80,100,9.69
239,Saskylakh,RU,2020-01-03 05:12:43,71.97,114.09,-15.68,96,99,9.1
240,Nampula,MZ,2020-01-03 05:13:54,-15.12,39.26,75.2,88,75,5.82
241,Sechura,PE,2020-01-03 05:12:47,-5.56,-80.82,71.1,87,46,8.72
242,Karimpur,BD,2020-01-03 05:13:54,23.98,88.63,62.67,73,100,10.94
243,Lavumisa,ZA,2020-01-03 05:13:54,-27.31,31.88,80.6,78,81,1.12
244,Buraydah,SA,2020-01-03 05:13:54,26.33,43.97,50.0,71,2,1.48
245,Quirinopolis,BR,2020-01-03 05:13:54,-18.45,-50.45,73.13,90,74,3.76
246,Tateyama,JP,2020-01-03 05:13:55,36.66,137.31,48.0,81,75,5.82
247,Ardalstangen,NO,2020-01-03 05:13:55,61.24,7.7,33.8,80,90,49.44
248,Kaka,TM,2020-01-03 05:09:02,37.35,59.62,52.9,46,63,2.57
249,Port Hedland,AU,2020-01-03 05:13:55,-20.31,118.58,93.2,52,78,18.34
250,Kieta,PG,2020-01-03 05:13:55,-6.22,155.63,84.69,73,46,6.91
251,Ilyich,RU,2020-01-03 05:13:55,44.09,41.37,25.3,48,63,0.69
252,Lavrentiya,RU,2020-01-03 05:13:56,65.58,-170.99,-13.59,91,2,12.28
253,Coahuayana,MX,2020-01-03 05:13:56,18.62,-100.35,72.32,60,100,1.52
254,Nanortalik,GL,2020-01-03 05:12:48,60.14,-45.24,34.09,47,100,13.2
255,Saint-Georges,CA,2020-01-03 05:13:56,46.12,-70.67,33.01,61,100,5.99
256,Ponnani,IN,2020-01-03 05:13:56,10.77,75.93,86.0,66,20,2.24
257,Bafoulabe,ML,2020-01-03 05:13:56,13.81,-10.83,63.19,15,98,8.43
258,Sayyan,YE,2020-01-03 05:13:57,15.17,44.32,61.27,51,0,4.0
259,Ponta Do Sol,BR,2020-01-03 05:12:49,-20.63,-46.0,65.5,95,99,2.21
260,Koutiala,ML,2020-01-03 05:13:57,12.39,-5.46,54.88,24,17,9.82
261,Khatanga,RU,2020-01-03 05:12:18,71.98,102.47,-5.12,99,100,2.59
262,Belmonte,PT,2020-01-03 05:13:57,40.36,-7.35,44.01,95,100,1.83
263,Imeni Poliny Osipenko,RU,2020-01-03 05:12:22,52.42,136.49,-0.18,84,99,0.98
264,Vila Franca Do Campo,PT,2020-01-03 05:09:32,37.72,-25.43,55.4,66,20,5.82
265,Salalah,OM,2020-01-03 05:13:08,17.01,54.1,78.8,54,75,1.12
266,Naze,NG,2020-01-03 05:13:58,5.43,7.07,66.2,88,21,9.91
267,Takaka,NZ,2020-01-03 05:13:58,-40.86,172.81,66.0,64,18,7.0
268,Airai,TL,2020-01-03 05:12:44,-8.93,125.41,76.17,82,79,3.06
269,Verkhnevilyuysk,RU,2020-01-03 05:11:43,63.45,120.31,-9.62,98,100,3.96
270,Leningradskiy,RU,2020-01-03 05:08:36,69.38,178.42,-9.56,77,0,15.57
271,Kamojima,JP,2020-01-03 05:13:59,34.07,134.35,60.01,50,75,12.75
272,Tomatlan,MX,2020-01-03 05:13:10,19.93,-105.25,54.19,62,0,3.94
273,Poum,MK,2020-01-03 05:11:10,41.28,20.71,19.4,73,0,3.36
274,Aljezur,PT,2020-01-03 05:14:00,37.31,-8.8,57.99,84,100,1.99
275,Port Keats,AU,2020-01-03 05:09:31,-14.25,129.55,90.81,58,100,12.35
276,Puerto Ayora,EC,2020-01-03 05:10:32,-0.74,-90.35,73.99,81,35,5.01
277,Dwarka,IN,2020-01-03 05:14:01,28.58,77.04,61.0,72,40,5.82
278,Hofn,IS,2020-01-03 05:13:00,64.25,-15.21,30.45,62,16,23.09
279,Brae,GB,2020-01-03 05:12:46,60.4,-1.35,41.0,69,100,27.51
280,Iznik,TR,2020-01-03 05:14:01,40.43,29.72,39.2,92,34,3.62
281,Kirovskiy,RU,2020-01-03 05:14:02,45.09,133.51,8.69,86,69,7.49
282,Leshukonskoye,RU,2020-01-03 05:14:02,64.9,45.76,35.33,99,100,11.12
283,Swan Hill,AU,2020-01-03 05:14:02,-35.34,143.56,105.01,17,52,3.0
284,Mogadishu,SO,2020-01-03 05:12:46,2.04,45.34,80.6,74,75,11.41
285,Laguna,BZ,2020-01-03 05:12:18,16.17,-88.94,71.6,100,96,1.39
286,Pampa,US,2020-01-03 05:14:03,35.54,-100.96,44.6,67,1,8.05
287,Magnor,SE,2020-01-03 05:14:03,59.95,12.2,45.0,93,100,16.11
288,Kabare,RW,2020-01-03 05:14:03,-1.65,29.38,64.4,68,75,6.93
289,Iranshahr,IR,2020-01-03 05:14:03,27.21,60.69,62.6,67,40,2.68
290,Codo,ES,2020-01-03 05:14:03,41.33,-0.7,42.8,100,90,4.7
291,Nuuk,GL,2020-01-03 05:14:03,64.17,-51.74,21.2,67,55,26.4
292,Moose Factory,CA,2020-01-03 05:14:03,51.26,-80.61,21.2,92,90,5.82
293,Westport,US,2020-01-03 05:14:03,41.14,-73.36,46.4,87,90,4.7
294,Nabire,ID,2020-01-03 05:14:04,-3.36,135.5,82.62,88,90,2.89
295,Bonavista,CA,2020-01-03 05:14:04,48.65,-53.11,25.5,81,0,19.08
296,Aasiaat,GL,2020-01-03 05:14:04,68.71,-52.87,13.35,74,100,14.72
297,Copiapo,CL,2020-01-03 05:14:04,-27.37,-70.33,60.8,87,33,6.93
298,Martil,MA,2020-01-03 05:14:04,35.62,-5.28,55.4,93,0,6.93
299,Shingu,JP,2020-01-03 05:12:40,33.72,135.99,53.6,54,20,13.87
300,Jijiga,ET,2020-01-03 05:14:05,9.35,42.8,66.4,44,26,8.61
301,Karpogory,RU,2020-01-03 05:14:05,64.0,44.44,34.95,99,100,10.45
302,Bandarban,BD,2020-01-03 05:14:05,22.2,92.22,71.58,80,100,4.76
303,Kaeo,NZ,2020-01-03 05:14:05,-35.1,173.78,71.01,89,3,1.01
304,Vao,EE,2020-01-03 05:14:05,59.1,26.19,36.75,88,17,15.35
305,Mehamn,NO,2020-01-03 05:14:05,71.03,27.85,37.4,80,99,20.8
306,Manyana,AU,2020-01-03 05:14:06,-35.26,150.51,84.2,54,38,16.11
307,Batagay-Alyta,RU,2020-01-03 05:12:55,67.8,130.41,-14.19,89,100,4.92
308,Hudson Bay,CA,2020-01-03 05:14:06,52.86,-102.4,16.92,94,94,4.88
309,Saint-Augustin,CA,2020-01-03 05:12:16,45.63,-73.98,37.99,92,90,3.36
310,Constitucion,MX,2020-01-03 05:12:46,23.99,-104.67,42.01,70,0,8.01
311,Mayya,RU,2020-01-03 05:14:06,61.74,130.28,-31.0,66,79,2.24
312,Fukue,JP,2020-01-03 05:14:06,35.03,136.69,55.99,46,20,9.17
313,Coihaique,CL,2020-01-03 05:14:07,-45.58,-72.07,60.8,77,54,4.7
314,Deputatskiy,RU,2020-01-03 05:12:27,69.3,139.9,-21.44,87,27,3.06
315,Ipoh,MY,2020-01-03 05:14:07,4.59,101.08,87.8,62,40,2.24
316,Shelton,US,2020-01-03 05:14:07,41.32,-73.09,46.99,87,90,4.7
317,Codrington,AU,2020-01-03 05:12:02,-28.95,153.24,95.0,45,0,17.22
318,Izumo,JP,2020-01-03 05:14:07,35.37,132.75,51.8,50,75,19.46
319,Bambous Virieux,MU,2020-01-03 05:12:41,-20.34,57.76,78.8,94,75,11.43
320,Shakawe,BW,2020-01-03 05:14:08,-18.36,21.84,72.95,81,100,3.49
321,Ancud,CL,2020-01-03 05:12:31,-41.87,-73.83,55.4,87,0,4.7
322,Inirida,CO,2020-01-03 05:14:08,3.87,-67.92,73.62,88,100,1.48
323,Kachiry,KZ,2020-01-03 05:14:08,53.07,76.1,28.18,90,90,15.14
324,Eureka,US,2020-01-03 05:14:08,40.8,-124.16,44.6,100,90,6.93
325,Manthani,IN,2020-01-03 05:14:09,18.65,79.67,72.97,83,95,3.67
326,Candido De Abreu,BR,2020-01-03 05:14:09,-24.57,-51.33,66.29,97,50,3.94
327,Yelanskiy,RU,2020-01-03 05:14:09,56.84,62.5,4.5,92,0,7.09
328,Bilma,NE,2020-01-03 05:13:07,18.69,12.92,42.15,58,0,10.11
329,Lorengau,PG,2020-01-03 05:09:01,-2.02,147.27,85.23,71,83,6.11
330,Linjiang,CN,2020-01-03 05:14:10,41.81,126.91,20.32,72,0,6.46
331,Margate,AU,2020-01-03 05:14:10,-43.03,147.26,78.01,56,75,11.41
332,Norman Wells,CA,2020-01-03 05:08:25,65.28,-126.83,-5.8,83,90,8.05
333,Jackson,US,2020-01-03 05:09:20,43.48,-110.76,28.4,79,75,13.87
334,Dibulla,CO,2020-01-03 05:14:10,11.27,-73.31,79.41,79,2,22.06
335,Duminichi,RU,2020-01-03 05:14:10,53.93,35.11,32.7,96,98,8.41
336,Hervey Bay,AU,2020-01-03 05:14:10,-25.3,152.85,86.0,45,0,14.99
337,Karratha,AU,2020-01-03 05:12:58,-20.74,116.85,84.97,69,98,5.99
338,Peniche,PT,2020-01-03 05:14:11,39.36,-9.38,53.01,100,75,2.24
339,Chizhou,CN,2020-01-03 05:14:11,30.67,117.49,45.5,92,100,3.09
340,Clyde River,CA,2020-01-03 05:12:36,70.47,-68.59,-13.0,75,90,16.11
341,Tres Passos,BR,2020-01-03 05:14:11,-27.46,-53.93,68.0,86,0,10.04
342,Fortuna,US,2020-01-03 05:12:45,40.6,-124.16,44.6,100,90,6.93
343,Los Llanos De Aridane,ES,2020-01-03 05:14:12,28.66,-17.92,59.0,58,11,6.93
344,Sao Jose Da Coroa Grande,BR,2020-01-03 05:14:12,-8.9,-35.15,79.81,82,100,13.67
345,Berezovyy,RU,2020-01-03 05:14:12,51.67,135.7,-2.04,69,3,6.64
346,Khandyga,RU,2020-01-03 05:14:13,62.65,135.58,-32.6,97,84,1.66
347,Srednekolymsk,RU,2020-01-03 05:12:48,67.46,153.71,-6.41,82,57,3.04
348,Victoria,BN,2020-01-03 05:12:35,5.28,115.24,86.0,70,75,4.7
349,Paris,FR,2020-01-03 05:09:16,48.86,2.35,48.99,81,90,12.75
350,Tolaga Bay,NZ,2020-01-03 05:14:13,-38.37,178.3,66.34,73,17,5.5
351,Faanui,PF,2020-01-03 05:09:30,-16.48,-151.75,81.73,78,100,9.15
352,Cidreira,BR,2020-01-03 05:08:31,-30.17,-50.22,72.9,77,80,22.84
353,Marienburg,DE,2020-01-03 05:14:14,52.12,9.98,43.0,80,75,11.41
354,Mairwa,IN,2020-01-03 05:14:14,26.24,84.15,62.98,81,100,5.39
355,Bekhtery,UA,2020-01-03 05:14:14,46.25,32.3,33.01,92,100,4.47
356,Ziro,IN,2020-01-03 05:14:15,27.54,93.82,62.6,88,90,5.82
357,Ust-Maya,RU,2020-01-03 05:14:15,60.42,134.54,-26.7,97,100,1.52
358,Rocha,UY,2020-01-03 05:12:26,-34.48,-54.34,59.83,94,27,3.31
359,Virden,CA,2020-01-03 05:14:15,49.85,-100.93,12.34,93,61,7.63
360,Wote,KE,2020-01-03 05:14:15,-1.78,37.63,71.91,69,87,3.74
361,Marigot,HT,2020-01-03 05:14:15,18.23,-72.32,77.0,83,3,3.36
362,La Asuncion,AR,2020-01-03 05:14:15,-26.05,-65.39,61.21,92,96,1.28
363,Lima,PE,2020-01-03 05:08:46,-12.06,-77.04,71.6,83,75,12.75
364,Avera,US,2020-01-03 05:13:06,33.19,-82.53,60.8,62,90,5.82
365,Yulara,AU,2020-01-03 05:14:16,-25.24,130.99,82.4,58,19,21.92
366,Paka,CF,2020-01-03 05:14:16,4.15,15.03,66.79,29,100,2.17
367,Kobryn,BY,2020-01-03 05:14:16,52.21,24.36,26.6,79,17,4.47
368,Carbondale,US,2020-01-03 05:14:16,38.82,-95.69,41.0,80,90,10.29
369,Gushikawa,JP,2020-01-03 05:11:30,26.35,127.87,71.6,56,20,8.05
370,Wexford,US,2020-01-03 05:10:07,40.63,-80.06,48.2,93,90,4.7
371,Talnakh,RU,2020-01-03 05:12:22,69.49,88.39,3.2,84,75,24.61
372,Grindavik,IS,2020-01-03 05:12:19,63.84,-22.43,26.6,73,75,20.8
373,Makakilo City,US,2020-01-03 05:14:17,21.35,-158.09,75.2,69,40,5.82
374,Nome,US,2020-01-03 05:14:17,30.04,-94.42,62.6,93,90,9.17
375,Lompoc,US,2020-01-03 05:12:52,34.64,-120.46,55.4,61,1,4.7
376,Mincivan,AZ,2020-01-03 05:14:17,39.03,46.72,34.03,91,63,2.21
377,Kiama,AU,2020-01-03 05:14:18,-34.67,150.86,93.99,54,21,16.11
378,Adiake,CI,2020-01-03 05:14:18,5.29,-3.3,73.4,69,50,9.17
379,Gotsu,JP,2020-01-03 05:14:18,35.01,132.22,51.8,57,75,11.41
380,Miandrivazo,MG,2020-01-03 05:14:18,-19.53,45.46,80.13,74,98,6.29
381,Lhokseumawe,ID,2020-01-03 05:14:18,5.18,97.15,79.72,75,100,5.84
382,Ampanihy,MG,2020-01-03 05:12:39,-24.69,44.75,84.16,57,21,4.61
383,Port Hawkesbury,CA,2020-01-03 05:14:18,45.62,-61.36,33.01,74,90,14.99
384,Saint Albans,US,2020-01-03 05:14:19,44.81,-73.08,41.0,65,90,4.7
385,Flin Flon,CA,2020-01-03 05:14:19,54.77,-101.88,10.06,96,93,4.38
386,Zhangjiakou,CN,2020-01-03 05:14:19,40.77,114.88,27.39,34,0,3.0
387,Knysna,ZA,2020-01-03 05:14:19,-34.04,23.05,68.0,88,40,4.7
388,Teguldet,RU,2020-01-03 05:14:19,57.31,88.17,24.8,93,100,13.6
389,Ostrovnoy,RU,2020-01-03 05:12:30,68.05,39.51,35.08,93,96,17.25
390,Fort Wellington,GY,2020-01-03 05:14:20,6.4,-57.6,78.85,77,43,11.72
391,Moron,HT,2020-01-03 05:14:20,18.56,-74.26,76.64,81,11,3.49
392,Innisfail,AU,2020-01-03 05:14:20,-17.52,146.03,82.99,55,100,4.0
393,Cairns,AU,2020-01-03 05:14:20,-16.92,145.77,91.0,66,75,5.82
394,Syracuse,US,2020-01-03 05:12:41,43.05,-76.15,46.0,60,90,4.7
395,Gigmoto,PH,2020-01-03 05:12:25,13.78,124.39,80.71,80,98,23.26
396,Forestville,CA,2020-01-03 05:14:20,48.74,-69.09,24.8,85,90,4.7
397,Caravelas,BR,2020-01-03 05:10:00,-17.73,-39.27,75.92,86,100,10.85
398,Buchanan,LR,2020-01-03 05:14:21,5.88,-10.05,71.6,94,20,6.93
399,Paso De Los Toros,UY,2020-01-03 05:14:21,-32.81,-56.52,60.84,96,0,8.14
400,Amboasary,MG,2020-01-03 05:14:21,-25.04,46.38,75.2,94,40,4.7
401,Sines,PT,2020-01-03 05:14:21,37.96,-8.87,53.01,80,100,3.0
402,Zhezkazgan,KZ,2020-01-03 05:14:21,47.8,67.71,26.6,92,90,2.24
403,Oskarshamn,SE,2020-01-03 05:14:22,57.26,16.44,37.99,93,97,14.99
404,Nisia Floresta,BR,2020-01-03 05:14:22,-6.09,-35.21,78.8,83,20,4.7
405,Tabas,IR,2020-01-03 05:14:22,33.6,56.92,46.4,49,0,2.24
406,Trairi,BR,2020-01-03 05:14:22,-3.28,-39.27,75.56,90,100,3.11
407,Hambantota,LK,2020-01-03 05:12:49,6.12,81.12,84.2,89,40,12.75
408,Hisar,IN,2020-01-03 05:14:22,29.16,75.73,63.05,45,0,3.91
409,Lipin Bor,RU,2020-01-03 05:14:22,60.26,37.97,35.4,92,100,11.63
410,Tazovskiy,RU,2020-01-03 05:14:22,67.47,78.7,-6.21,97,95,9.48
411,Waterloo,SL,2020-01-03 05:14:23,8.34,-13.07,65.86,81,0,1.23
412,Ilulissat,GL,2020-01-03 05:12:21,69.22,-51.1,14.0,72,100,14.99
413,Zhuhai,CN,2020-01-03 05:14:23,40.71,112.04,19.4,62,10,4.97
414,Rabo De Peixe,PT,2020-01-03 05:14:23,37.8,-25.58,55.4,66,20,5.82
415,Ahipara,NZ,2020-01-03 05:09:26,-35.17,173.16,72.0,88,68,1.99
416,Geraldton,CA,2020-01-03 05:14:24,49.72,-86.95,23.0,85,90,8.05
417,Birin,NP,2020-01-03 05:14:24,26.89,88.07,51.1,71,90,6.62
418,Piracanjuba,BR,2020-01-03 05:14:24,-17.3,-49.02,68.07,97,89,4.43
419,Chabahar,IR,2020-01-03 05:14:24,25.29,60.65,69.46,62,100,9.26
420,Peruibe,BR,2020-01-03 05:14:25,-24.32,-47.0,77.29,80,100,14.32
421,Fuengirola,ES,2020-01-03 05:14:25,36.54,-4.62,48.99,93,40,10.29
422,Mayma,RU,2020-01-03 05:14:25,52.0,85.9,25.77,75,16,4.79
423,Jining,CN,2020-01-03 05:14:25,35.41,116.58,47.25,37,100,4.32
424,Nanyuki,KE,2020-01-03 05:14:26,0.01,37.07,63.84,73,15,1.81
425,Balikpapan,ID,2020-01-03 05:14:26,-1.24,116.86,83.89,82,91,2.17
426,Centerville,US,2020-01-03 05:12:39,40.92,-111.87,37.0,59,90,6.93
427,Hovd,NO,2020-01-03 05:12:43,63.83,10.7,39.99,86,75,20.8
428,Bandarbeyla,SO,2020-01-03 05:14:26,9.49,50.81,78.37,75,32,16.02
429,Beyneu,KZ,2020-01-03 05:14:26,45.32,55.19,31.96,94,76,9.19
430,Gombong,ID,2020-01-03 05:12:44,-7.19,109.31,85.66,68,5,8.66
431,Merrill,US,2020-01-03 05:14:27,42.03,-121.6,33.8,80,1,3.36
432,Nantucket,US,2020-01-03 05:11:17,41.28,-70.1,46.99,87,1,11.41
433,Ulaangom,MN,2020-01-03 05:14:27,49.98,92.07,-6.05,88,3,2.57
434,Saint Anthony,US,2020-01-03 05:14:27,43.97,-111.68,24.8,78,90,0.78
435,Diban,SY,2020-01-03 05:14:27,35.02,40.51,50.34,61,83,9.48
436,Evensk,RU,2020-01-03 05:12:36,61.92,159.24,13.84,74,100,12.8
437,Bilibino,RU,2020-01-03 05:14:28,68.06,166.44,-6.5,63,94,2.59
438,Kununurra,AU,2020-01-03 05:14:28,-15.77,128.74,100.4,33,100,9.17
439,Dickinson,US,2020-01-03 05:14:28,46.88,-102.79,33.8,86,90,14.99
440,Comodoro Rivadavia,AR,2020-01-03 05:12:19,-45.87,-67.48,78.8,41,20,11.41
441,Xanxere,BR,2020-01-03 05:14:28,-26.88,-52.4,68.0,82,10,20.8
442,Usinsk,RU,2020-01-03 05:14:23,66.0,57.56,12.96,94,100,23.76
443,Pocone,BR,2020-01-03 05:14:29,-16.26,-56.62,74.93,96,83,3.38
444,Rio Gallegos,AR,2020-01-03 05:12:46,-51.62,-69.22,51.8,87,90,6.93
445,Zaozhuang,CN,2020-01-03 05:14:29,34.86,117.55,46.45,54,76,3.62
446,Pietra Ligure,IT,2020-01-03 05:14:29,44.15,8.29,51.8,76,75,2.24
447,Okhotsk,RU,2020-01-03 05:12:35,59.36,143.24,8.11,91,98,10.94
448,Yangmei,CN,2020-01-03 05:14:30,21.55,110.61,74.52,56,77,11.43
449,Pochutla,MX,2020-01-03 05:14:30,15.74,-96.47,77.0,73,5,14.54
450,Sandwick,GB,2020-01-03 05:14:30,54.57,-2.89,44.01,93,49,4.7
451,Panevezys,LT,2020-01-03 05:14:30,55.73,24.35,33.8,86,0,17.22
452,Barahona,DO,2020-01-03 05:12:36,18.21,-71.1,78.94,80,5,13.49
453,Amherstburg,US,2020-01-03 05:14:30,42.1,-83.11,46.4,75,90,10.29
454,Mahasamund,IN,2020-01-03 05:14:30,21.11,82.1,60.8,100,75,4.7
455,Lata,IN,2020-01-03 05:12:57,30.78,78.62,17.71,58,89,6.15
456,Saldanha,PT,2020-01-03 05:12:47,41.42,-6.55,37.02,95,100,4.5
457,Llanes,ES,2020-01-03 05:14:31,43.42,-4.75,53.01,10,97,7.11
458,Whitehorse,CA,2020-01-03 05:14:31,60.72,-135.06,10.99,92,90,2.24
459,Port Hardy,CA,2020-01-03 05:14:31,50.7,-127.42,37.4,93,90,26.4
460,Touros,BR,2020-01-03 05:08:47,-5.2,-35.46,77.0,88,40,3.36
461,Katsuura,JP,2020-01-03 05:14:32,33.93,134.5,60.01,50,75,12.75
462,Butembo,CD,2020-01-03 05:14:32,0.12,29.29,70.66,65,100,0.78
463,Les Cayes,HT,2020-01-03 05:14:32,18.19,-73.75,80.51,77,0,12.08
464,Maniitsoq,GL,2020-01-03 05:14:32,65.42,-52.9,22.51,66,68,8.61
465,Mathathane,BW,2020-01-03 05:14:32,-22.27,28.75,83.59,48,24,15.39
466,Smirnykh,RU,2020-01-03 05:14:33,49.74,142.83,6.17,88,100,8.03
467,Cap Malheureux,MU,2020-01-03 05:12:52,-19.98,57.61,78.8,94,75,6.78
468,Balkanabat,TM,2020-01-03 05:12:40,39.51,54.36,44.87,69,31,2.26
469,Orsha,BY,2020-01-03 05:14:33,54.51,30.43,33.8,92,90,8.95
470,Villeta,PY,2020-01-03 05:14:33,-25.51,-57.57,77.0,78,0,6.93
471,Berezanskaya,RU,2020-01-03 05:14:33,45.7,39.6,32.0,95,90,5.66
472,Nangong,CN,2020-01-03 05:14:33,37.36,115.37,44.91,23,23,3.31
473,Husavik,CA,2020-01-03 05:14:34,50.56,-96.99,19.0,91,9,1.01
474,Ouesso,CG,2020-01-03 05:14:34,1.61,16.05,71.98,40,100,2.26
475,Dudinka,RU,2020-01-03 05:14:34,69.41,86.18,3.2,84,75,24.61
476,Saint-Philippe,CA,2020-01-03 05:12:44,45.36,-73.48,39.0,80,75,8.05
477,San Quintin,PH,2020-01-03 05:12:56,17.54,120.52,81.99,55,100,5.08
478,Baruun-Urt,MN,2020-01-03 05:14:34,46.68,113.28,10.2,81,0,10.94
479,Kargasok,RU,2020-01-03 05:14:35,59.06,80.87,15.01,94,98,7.54
480,Kawalu,ID,2020-01-03 05:14:35,-7.38,108.21,83.89,66,17,6.44
481,Ponta Delgada,PT,2020-01-03 05:11:27,37.73,-25.67,55.4,66,20,5.82
482,Bhongaon,IN,2020-01-03 05:14:35,27.26,79.18,66.0,65,0,8.16
483,Kosa,JP,2020-01-03 05:14:35,32.67,130.82,51.8,57,40,4.7
484,Yanai,JP,2020-01-03 05:14:35,33.97,132.12,59.0,58,40,11.41
485,Acapulco,MX,2020-01-03 05:11:33,16.86,-99.88,80.6,74,40,3.22
486,Koumac,NC,2020-01-03 05:14:36,-20.56,164.28,74.57,69,96,1.88
487,Adrar,DZ,2020-01-03 05:14:36,27.87,-0.29,39.2,48,25,14.99
488,Sussex,CA,2020-01-03 05:14:24,45.72,-65.51,30.0,92,75,4.7
489,Greenville,US,2020-01-03 05:14:36,34.85,-82.4,46.99,93,90,6.93
490,La Primavera,AR,2020-01-03 05:14:36,-32.92,-68.67,77.0,61,40,8.05
491,Angouleme,FR,2020-01-03 05:12:16,45.65,0.15,46.4,100,90,6.93
492,Qandala,SO,2020-01-03 05:14:37,11.47,49.87,77.61,59,0,5.99
493,Longmont,US,2020-01-03 05:14:37,40.17,-105.1,35.6,37,1,5.82
494,Anadyr,RU,2020-01-03 05:08:56,64.73,177.51,-32.8,66,0,11.18
495,Rurrenabaque,BO,2020-01-03 05:14:37,-14.44,-67.53,70.23,99,100,1.05
496,Nador,MA,2020-01-03 05:14:37,35.17,-2.93,53.6,81,90,3.36
497,Winsum,NL,2020-01-03 05:14:38,53.33,6.52,46.4,93,90,19.46
498,Rawson,AR,2020-01-03 05:14:38,-43.3,-65.11,75.45,40,0,25.64
499,Souillac,FR,2020-01-03 05:12:40,45.6,-0.6,46.4,93,90,13.87
500,Shetpe,KZ,2020-01-03 05:14:38,44.14,52.16,31.73,79,20,9.26
501,Havelock,US,2020-01-03 05:14:38,34.88,-76.9,57.2,76,40,4.7
502,Nagato,JP,2020-01-03 05:14:38,34.35,131.14,55.4,50,40,14.99
503,Livingstonia,MW,2020-01-03 05:14:38,-10.61,34.11,65.8,89,100,0.63
504,Victor Harbor,AU,2020-01-03 05:14:39,-35.55,138.62,106.0,4,18,17.22
505,Iraquara,BR,2020-01-03 05:14:39,-12.24,-41.62,65.79,98,100,2.46
506,Tagusao,PH,2020-01-03 05:14:39,9.19,117.81,82.31,75,95,12.06
507,Jacareacanga,BR,2020-01-03 05:14:39,-6.22,-57.76,72.0,99,99,0.83
508,Port Said,EG,2020-01-03 05:14:39,25.34,30.55,47.7,67,0,2.26
509,Kushikino,JP,2020-01-03 05:14:39,31.72,130.27,50.0,71,75,10.29
510,Kirakira,SB,2020-01-03 05:14:39,-10.46,161.92,80.8,83,43,6.93
511,Huanren,CN,2020-01-03 05:14:40,41.26,125.37,19.33,80,0,1.88
512,Taoudenni,ML,2020-01-03 05:14:40,22.68,-3.98,48.81,36,74,9.6
513,Lasa,CY,2020-01-03 05:14:40,34.92,32.53,51.8,87,75,8.05
514,Redlands,US,2020-01-03 05:14:40,34.06,-117.19,61.0,100,1,3.36
515,Gari,RU,2020-01-03 05:14:40,59.43,62.35,2.89,92,13,12.15
516,Manado,ID,2020-01-03 05:14:40,1.49,124.85,89.6,66,20,5.82
517,Fort-Shevchenko,KZ,2020-01-03 05:13:00,44.51,50.26,30.76,66,17,8.72
518,La Macarena,CO,2020-01-03 05:14:41,2.18,-73.79,69.87,88,96,2.57
519,Suntar,RU,2020-01-03 05:14:41,62.16,117.65,6.08,96,100,3.38
520,Vila,IT,2020-01-03 05:12:52,45.18,8.4,39.0,100,100,8.05
521,Wiarton,CA,2020-01-03 05:14:41,44.74,-81.13,41.0,80,90,18.34
522,Tura,RU,2020-01-03 05:09:51,64.27,100.22,-8.97,96,0,4.61
523,Gondanglegi,ID,2020-01-03 05:14:41,-7.75,112.01,89.01,58,4,5.3
524,Odesskoye,RU,2020-01-03 05:14:42,54.21,72.97,20.26,92,94,13.09
525,Banda Aceh,ID,2020-01-03 05:14:42,5.56,95.32,87.35,56,41,9.1
526,Calabar,NG,2020-01-03 05:14:42,4.98,8.34,71.92,40,48,3.51
527,Varberg,SE,2020-01-03 05:14:42,57.11,12.25,43.0,93,100,26.4
528,Camacha,PT,2020-01-03 05:09:46,33.08,-16.33,62.6,72,20,8.05
529,Ballina,IE,2020-01-03 05:14:42,54.11,-9.15,45.0,86,90,1.99
530,Vaitape,PF,2020-01-03 05:14:43,-16.52,-151.75,81.73,78,100,9.15
531,Bafra,TR,2020-01-03 05:14:43,41.57,35.91,41.0,93,75,3.36
532,Antanifotsy,MG,2020-01-03 05:14:43,-19.66,47.32,72.32,73,94,1.92
533,Inga,NG,2020-01-03 05:14:43,10.08,6.09,57.02,22,0,5.55
534,Sabla,NG,2020-01-03 05:14:43,12.75,4.71,51.66,26,0,15.59
535,Itatskiy,RU,2020-01-03 05:14:43,56.07,89.04,27.86,81,100,16.31
536,Obo,CF,2020-01-03 05:14:44,5.39,26.49,78.48,38,98,1.57
537,Smolenka,PL,2020-01-03 05:14:44,54.15,22.76,28.99,94,0,10.51
538,Steamboat Springs,US,2020-01-03 05:14:44,40.48,-106.83,21.2,92,90,4.7
539,Tessalit,ML,2020-01-03 05:14:44,20.2,1.01,47.3,39,0,14.0
540,Slonim,BY,2020-01-03 05:14:44,53.09,25.32,30.96,59,34,5.95
541,Tres Arroyos,AR,2020-01-03 05:14:45,-38.38,-60.28,61.65,78,7,10.42
542,Hay River,CA,2020-01-03 05:14:45,60.82,-115.79,3.2,91,75,5.82
543,Fredericksburg,US,2020-01-03 05:14:45,38.3,-77.46,53.01,62,90,8.05
544,Vanimo,PG,2020-01-03 05:14:45,-2.67,141.3,83.7,79,94,17.83
545,Goderich,CA,2020-01-03 05:14:45,43.74,-81.71,44.01,85,100,1.01
546,Cabimas,VE,2020-01-03 05:14:45,10.39,-71.44,77.68,76,13,10.54
